{"cameraMode":{"drawMode":0,"name":"Shaded","section":"Shading Mode"},"sceneLighting":true,"audioPlay":false,"sceneViewState":{"showFog":true,"showMaterialUpdate":true,"showSkybox":true,"showFlares":true,"showImageEffects":true,"showParticleSystems":true},"in2DMode":false,"pivot":{"x":618.4331665039063,"y":-762.33154296875,"z":1099.158935546875},"rotation":{"x":0.015308399684727192,"y":0.6340875029563904,"z":-0.7730108499526978,"w":0.012556741014122963},"size":3533.2626953125,"orthographic":false}